COMP,REGIAO,UF,MUNICIPIO,MOTIVO_DESABILITACAO,CNES,NOME_ESTABELECIMENTO,RAZAO_SOCIAL,TP_GESTAO,CO_TIPO_UNIDADE,DS_TIPO_UNIDADE,NATUREZA_JURIDICA,DESC_NATUREZA_JURIDICA,NO_LOGRADOURO,NU_ENDERECO,NO_COMPLEMENTO,NO_BAIRRO,CO_CEP,NU_TELEFONE,NO_EMAIL,LEITOS_EXISTENTES,LEITOS_SUS,UTI_TOTAL_EXIST,UTI_TOTAL_SUS,UTI_ADULTO_EXIST,UTI_ADULTO_SUS,UTI_PEDIATRICO_EXIST,UTI_PEDIATRICO_SUS,UTI_NEONATAL_EXIST,UTI_NEONATAL_SUS,UTI_QUEIMADO_EXIST,UTI_QUEIMADO_SUS,UTI_CORONARIANA_EXIST,UTI_CORONARIANA_SUS
202401,NORDESTE,PB,IGARACY,,78050,UNIDADE MISTA DE SAUDE DOUTOR OLIVIO DE ASSIS BANDEIRA,PREFEITURA MUNICIPAL DE IGARACY,M,15,UNIDADE MISTA,1244,HOSPITAL_PÚBLICO,RUA PEDRO LOPES BRASILEIRO,S/N,,CENTRO,58775000,8334801122,,12,12,0,0,0,0,0,0,0,0,0,0,0,0
202401,NORDESTE,PB,JOAO PESSOA,,83615,HOSPITAL DE OLHOS DA PARAIBA,MEDEIROS E MEDEIROS CLINICA OFTALMOLOGICA LTDA,M,7,HOSPITAL ESPECIALIZADO,2062,HOSPITAL_PRIVADO,AVENIDA GOVERNADOR FLAVIO RIBEIRO COUTINHO,500,SALA 510,JARDIM OCEANIA,58037005,83 30211234,ascont_escritorio@hotmail.com,1,0,0,0,0,0,0,0,0,0,0,0,0,0
202401,NORDESTE,PB,JOAO PESSOA,,147907,HOSPITAL PRONTOVIDA,MUNICIPIO DE JOAO PESSOA,M,5,HOSPITAL GERAL,1244,HOSPITAL_PÚBLICO,AVENIDA MONSENHOR WALFREDO LEAL,46,,TAMBIA,58020540,,,90,50,40,0,40,0,0,0,0,0,0,0,0,0
202401,NORDESTE,PB,CAMPINA GRANDE,,220337,HOSPITAL DE CLINICAS DE CAMPINA GRANDE,SECRETARIA DE ESTADO DA SAUDE SES,E,5,HOSPITAL GERAL,1023,HOSPITAL_PÚBLICO,SIQUEIRA CAMPOS,605,,SAO JOSE,58400453,,,118,108,10,0,10,0,0,0,0,0,0,0,0,0
202401,NORDESTE,PB,CATINGUEIRA,,534242,UNIDADE MISTA DE CATINGUEIRA,MUNICIPIODE CATINGUEIRA,M,15,UNIDADE MISTA,1244,HOSPITAL_PÚBLICO,RUA INACIO FELIX,S/N,,CENTRO,58715000,,,1,1,0,0,0,0,0,0,0,0,0,0,0,0
202401,NORDESTE,PB,CAMPINA GRANDE,,745804,HELP FUNDACAO PEDRO AMERICO,FUNDACAO PEDRO AMERICO,M,5,HOSPITAL GERAL,3069,HOSPITAL_FILANTRÓPICO,HERONIDES DA COSTA CIRENE,250,ANEXO A,SERROTAO,58434505,83 88573311,,336,228,39,23,20,12,10,6,9,5,0,0,0,0
202401,NORDESTE,PB,PIANCO,,757306,HOSPITAL DE CAMPANHA COVID 19 DE PIANCO,MUNICIPIO DE PIANCO,M,5,HOSPITAL GERAL,1244,HOSPITAL_PÚBLICO,RUA ANTONIO LOPES DA SILVA,S/N,,CENTRO,58765000,,,25,25,0,0,0,0,0,0,0,0,0,0,0,0
202401,NORDESTE,PB,MARI,,814679,HOSPITAL MUNICIPAL DE MARI,PREFEITURA MUNICIPAL DE MARI,M,5,HOSPITAL GERAL,1244,HOSPITAL_PÚBLICO,RUA MANOEL AVELINO DE PAIVA,S/N,,CENTRO,58345000,,,1,1,0,0,0,0,0,0,0,0,0,0,0,0
202401,NORDESTE,PB,BARRA DE SANTA ROSA,,896764,CLINICA MUNICIPAL DE BARRA DE SANTA ROSA,MUNICIPIO DE BARRA DE SANTA ROSA,M,15,UNIDADE MISTA,1244,HOSPITAL_PÚBLICO,RUA NOSSA SENHORA DA CONCEICAO,S/N,PREDIO,CENTRO,58170000,,,3,3,0,0,0,0,0,0,0,0,0,0,0,0
202401,NORDESTE,PB,BREJO DOS SANTOS,,960853,UNIDADE MISTA DE SAUDE DE BREJO DOS SANTOS,MUNICIPIO DE BREJO DOS SANTOS,M,15,UNIDADE MISTA,1244,HOSPITAL_PÚBLICO,RUA PROJETADA,S/N,,CENTRO,58880000,,,7,7,0,0,0,0,0,0,0,0,0,0,0,0
202401,NORDESTE,PB,SOUSA,,2315149,HOSPITAL SANTA TEREZINHA,SOCIEDADE HOSPITALAR GADELHA DE OLIVEIRA LTDA,M,5,HOSPITAL GERAL,2062,HOSPITAL_PRIVADO,VEREADOR JOSE HONORIO,S/N,TERREO,JD SORRILANDIA II,58805250,,,35,8,8,8,8,8,0,0,0,0,0,0,0,0
202401,NORDESTE,PB,CAMPINA GRANDE,,2315793,HOSPITAL ESCOLA DA FAP,FUNDACAO ASSISTENCIAL DA PARAIBA,M,5,HOSPITAL GERAL,3069,HOSPITAL_FILANTRÓPICO,AV DR FRANCISCO PINTO,S/N,,BODOCONGO,58416352,(83) 21020314,fapcg@uol.com.br,151,105,26,12,16,7,0,0,10,5,0,0,0,0
202401,NORDESTE,PB,SANTA LUZIA,,2321122,HOSPITAL E MATERNIDADE SINHA CARNEIRO,SECRETARIA DE ESTADO DA SAUDE SES,E,5,HOSPITAL GERAL,1023,HOSPITAL_PÚBLICO,RUA BONIFACIO NOBREGA,775,,CENTRO,58600000,,,53,53,0,0,0,0,0,0,0,0,0,0,0,0
202401,NORDESTE,PB,CACIMBA DE AREIA,,2321386,UNIDADE MISTA DE CACIMBA DE AREIA,PREFEITURA MUNICIPAL DE CACIMBA DE AREIA,M,15,UNIDADE MISTA,1244,HOSPITAL_PÚBLICO,RUA CAPITAO SEVERINO XAVIER,S/N,,CENTRO,58730000,(83)4215930,,5,5,0,0,0,0,0,0,0,0,0,0,0,0
202401,NORDESTE,PB,TEIXEIRA,,2321556,SANCHO LEITE UNIDADE MISTA DE SAUDE,FUNDO MUNICIPAL DE SAUDE DE TEIXEIRA,M,15,UNIDADE MISTA,1244,HOSPITAL_PÚBLICO,RUA JOSE DUARTE DANTAS,S/N,,CENTRO,58735000,(83)4722415,,39,39,0,0,0,0,0,0,0,0,0,0,0,0
202401,NORDESTE,PB,JURU,,2321572,HOSPITAL E MATERNIDADE ISAURA PIRES DO CARMO,PREFEITURA MUNICIPAL DE JURU PB,M,5,HOSPITAL GERAL,1244,HOSPITAL_PÚBLICO,PRC MANOEL FLORENTINO DE MEDEIROS,386,,CENTRO,58750000,(83)4841095,sec.saudejurupb@gmail.com,16,16,0,0,0,0,0,0,0,0,0,0,0,0
202401,NORDESTE,PB,PRINCESA ISABEL,,2321637,HOSPITAL DEPUTADO JOSE PEREIRA LIMA,SECRETARIA DE ESTADO DA SAUDE SES,M,15,UNIDADE MISTA,1023,HOSPITAL_PÚBLICO,RUA ALAMEDA DAS ACACIAS,1444,CASA,BAIRRO CASCAVEL,58755000,(83)4572351,sec.saudeprincesa@gmail.com,44,44,0,0,0,0,0,0,0,0,0,0,0,0
202401,NORDESTE,PB,POCO DANTAS,,2321831,UNIDADE BASICA DE SAUDE FRANCISCO FERREIRA SANTIAGO,PREFEITURA MUNICIPAL DE POCO DANTAS,M,15,UNIDADE MISTA,1244,HOSPITAL_PÚBLICO,RUA ODILON FRANCISCO DE OLIVEIRA,S/N,,CENTRO,58933000,(83) 35621071,sms.poda@saude.pb.gov.br,1,1,0,0,0,0,0,0,0,0,0,0,0,0
202401,NORDESTE,PB,BONITO DE SANTA FE,,2321963,HOSPITAL MUNICIPAL HONORINA TAVARES DE ALBUQUERQUE,HOSPITAL MUNICIPAL HONORINA TAVARES DE ALBUQUERQUE,M,5,HOSPITAL GERAL,1244,HOSPITAL_PÚBLICO,RUA APRIGIO PEREIRA DA SILVA,0008,PREDIO,CENTRO,58960000,(83)34901601,saude@bonitodesantafe.pb.gov.br,20,20,0,0,0,0,0,0,0,0,0,0,0,0
202401,NORDESTE,PB,AGUIAR,,2322153,HOSPITAL FRANCISCO BENTO CABRAL,HOSPITAL FRANCISCO BENTO CABRAL,E,5,HOSPITAL GERAL,1023,HOSPITAL_PÚBLICO,RUA PROJETADA,S/N,,EVANDRO CABRAL,58778000,(83)4991044,,12,12,0,0,0,0,0,0,0,0,0,0,0,0
202401,NORDESTE,PB,IBIARA,,2322188,UNIDADE MISTA DE SAUDE PAULO BEZERRA,PREFEITURA MUNICIPAL DE IBIARA,M,15,UNIDADE MISTA,1244,HOSPITAL_PÚBLICO,RUA OSORIO PINTO RAMALHO,325,PREDIO,CENTRO,58980000,(83)34541042,,12,12,0,0,0,0,0,0,0,0,0,0,0,0
202401,NORDESTE,PB,ESPERANCA,,2322706,HOSPITAL MUNICIPAL DE ESPERANCA DR MANUEL CABRAL DE ANDRADE,PREFEITURA MUNICIPAL DE ESPERANCA,M,5,HOSPITAL GERAL,1244,HOSPITAL_PÚBLICO,RUA MARIA BEZERRA,S/N,,CENTRO,58135000,83-33613817,prefeitura_esper@uol.com.br,28,28,0,0,0,0,0,0,0,0,0,0,0,0
202401,NORDESTE,PB,UIRAUNA,,2322730,HOSPITAL MENINO JESUS APASEU,ASSOCIACAO DE PROTECAO A SAUDE E EDUCACAO DE UIRAUNA,M,5,HOSPITAL GERAL,3999,HOSPITAL_FILANTRÓPICO,RUA JOSE BARBOSA,S/N,,GARRAFAO,58915000,(83)5342636,sms.uin@saude.pb.gov.br,27,27,0,0,0,0,0,0,0,0,0,0,0,0
202401,NORDESTE,PB,MONTEIRO,,2336812,HOSPITAL REGIONAL SANTA FILOMENA,SECRETARIA DO ESTADO DE SAUDE,E,5,HOSPITAL GERAL,1023,HOSPITAL_PÚBLICO,RUA EPAMINONDAS AZEVEDO,S/N,,CENTRO,58500000,(83) 3351 2145,hrsfmonteiro@hotmail.com,100,100,6,6,6,6,0,0,0,0,0,0,0,0
202401,NORDESTE,PB,ITAPORANGA,,2341204,HOSPITAL DISTRITAL DE ITAPORANGA DR JOSE GOMES DA SILVA,SECRETARIA ESTADUAL DA SAUDE,E,5,HOSPITAL GERAL,1023,HOSPITAL_PÚBLICO,RUA OSWALDO CRUZ,183,,CENTRO,58780000,(83)34512297,,43,43,0,0,0,0,0,0,0,0,0,0,0,0
202401,NORDESTE,PB,BREJO DOS SANTOS,,2341727,APAMI,ASSOCIACAO BENEF DE ASS A MAT E A INF DE B DOS SANTOS,M,5,HOSPITAL GERAL,3999,HOSPITAL_FILANTRÓPICO,APOLONIO PEREIRA,82,,CENTRO,58880000,,,18,18,0,0,0,0,0,0,0,0,0,0,0,0
202401,NORDESTE,PB,RIACHO DOS CAVALOS,,2341808,UNIDADE MISTA DE RIACHO DOS CAVALOS,MUNICIPIO DE RIACHO DOS CAVALOS,M,15,UNIDADE MISTA,1244,HOSPITAL_PÚBLICO,RUA DOUTOR ANTONIO CARNEIRO,S/N,,CENTRO,58870000,(83)4491016,,8,8,0,0,0,0,0,0,0,0,0,0,0,0
202401,NORDESTE,PB,CABEDELO,,2342170,HOSPITAL E MATERNIDADE MUNICIPAL PE ALFREDO BARBOSA,PREFEITURA MUNICPAL DE CABEDELO,M,5,HOSPITAL GERAL,1244,HOSPITAL_PÚBLICO,RUA ARTHUR SANTOS VIANA,S/N,,CENTRO,58100255,(83)32060480,,33,33,0,0,0,0,0,0,0,0,0,0,0,0
202401,NORDESTE,PB,CUITE,,2342642,HOSPITAL MUNICIPAL DE CUITE,MUNICIPIO DE CUITE,M,5,HOSPITAL GERAL,1244,HOSPITAL_PÚBLICO,RUA QUINZE DE NOVEMBRO,160,HOSPITAL DE CUITE,CENTRO,58175000,83999209144,SECSAUDECUITEPB@GMAIL.COM,67,67,0,0,0,0,0,0,0,0,0,0,0,0
202401,NORDESTE,PB,BREJO DO CRUZ,,2342715,HOSPITAL MUNICIPAL DRODILON MAIA FILHO,MUNICIPIO DE BREJO DO CRUZ PB,M,5,HOSPITAL GERAL,1244,HOSPITAL_PÚBLICO,RUA PETRONILO RIBEIRO,S/N,,CENTRO,58890000,(83)34432542,saudebrejodocruz@yahoo.com.br,32,32,0,0,0,0,0,0,0,0,0,0,0,0
202401,NORDESTE,PB,FREI MARTINHO,,2342820,UNIDADE MISTA DE SAUDE DE FREI MARTINHO,PREFEITURA MUNICIPAL DE FREI MARTINHO,M,15,UNIDADE MISTA,1244,HOSPITAL_PÚBLICO,RUA MANOEL FRANCISCO,90,,CENTRO,58195000,(83)36361162,sms.frh@saude.pb.gov.br,18,18,0,0,0,0,0,0,0,0,0,0,0,0
202401,NORDESTE,PB,NATUBA,,2342960,HOSPITAL E MAT NAPOLEAO LAUREANO,PREFEITURA MUNICIPAL DE NATUBA,M,5,HOSPITAL GERAL,1244,HOSPITAL_PÚBLICO,RUA SESQUICENTENARIO,328,,CENTRO,58494000,(83)3971055,,19,19,0,0,0,0,0,0,0,0,0,0,0,0
202401,NORDESTE,PB,CUBATI,,2343177,HOSPITAL MUNICIPAL MARIA LIDIA GOMES,MUNICIPIO DE CUBATI,M,5,HOSPITAL GERAL,1244,HOSPITAL_PÚBLICO,RUA JOAO BATISTA DA SILVA,S/N,,ALTO DOS BENTOS,58167000,(83)3851002,,16,16,0,0,0,0,0,0,0,0,0,0,0,0
202401,NORDESTE,PB,NOVA FLORESTA,,2343207,UNIDADE MISTA DE NOVA FLORESTA NOSSA SENHORA DAS GRACAS,PREFEITURA MUNICIPAL DE NOVA FLORESTA,M,15,UNIDADE MISTA,1244,HOSPITAL_PÚBLICO,RUA JOAO PESSOA,S/N,,CENTRO,58178000,(83)3741251,saude@novafloresta.pb.gov.br,19,19,0,0,0,0,0,0,0,0,0,0,0,0
202401,NORDESTE,PB,JOAO PESSOA,,2356805,CENTRO TRATAMENTO DA VISAO,CENTRO DE TRATAMENTO DA VISAO S S LTDA,M,7,HOSPITAL ESPECIALIZADO,2062,HOSPITAL_PRIVADO,LOC PRACA DA INDEPENDENCIA,35,,CENTRO,58020544,,,7,0,0,0,0,0,0,0,0,0,0,0,0,0
202401,NORDESTE,PB,SAPE,,2357445,HOSPITAL REGIONAL DR SA ANDRADE,PREFEITURA MUNICIPAL DE SAPE,M,5,HOSPITAL GERAL,1244,HOSPITAL_PÚBLICO,AVENIDA GENTIL LINS,46,,CENTRO,58340000,(83)2832518,,78,78,0,0,0,0,0,0,0,0,0,0,0,0
202401,NORDESTE,PB,JOAO PESSOA,,2357615,CLINICA OFTALMOLOGICA DR ANTONIO DE PADUA SILVEIRA,ANTONIO DE PADUA SILVEIRA,M,7,HOSPITAL ESPECIALIZADO,2135,HOSPITAL_PRIVADO,R DEP JOSE MARIZ,503,,TAMBAUZINHO,58042020,(83)2445300,,2,0,0,0,0,0,0,0,0,0,0,0,0,0
202401,NORDESTE,PB,SAO JOSE DA LAGOA TAPADA,,2357631,UNIDADE MISTA DE SAUDE CACILDA BRAGA,MUNICIPIO DE SAO JOSE DA LAGOA TAPADA,M,15,UNIDADE MISTA,1244,HOSPITAL_PÚBLICO,RUA CAP MANOEL DE ARAUJO,S/N,,CENTRO,58815000,,sms.sgp@saude.pb.gov.br,3,3,0,0,0,0,0,0,0,0,0,0,0,0
202401,NORDESTE,PB,ALHANDRA,,2357658,HOSPITAL MUNICIPAL ALFREDO DE ALMEIDA FERREIRA,HOSPITAL MUNICIPAL ALFREDO DE ALMEIDA FERREIRA,M,5,HOSPITAL GERAL,1244,HOSPITAL_PÚBLICO,AV PRESIDENTE JOAO PESSOA,S/N,,CENTRO,58320000,,,10,10,0,0,0,0,0,0,0,0,0,0,0,0
202401,NORDESTE,PB,UIRAUNA,,2362112,CASA DE SAUDE PADRE COSTA,ASSOCIACAO BENEFICIENTE CONEGO MANOEL VIERA DA COSTA,M,5,HOSPITAL GERAL,3999,HOSPITAL_FILANTRÓPICO,RUA MAJOR JOSE FERNANDES,234,,CENTRO,58915000,(83)5342431,sms.uin@saude.pb.gov.br,20,20,0,0,0,0,0,0,0,0,0,0,0,0
202401,NORDESTE,PB,CAMPINA GRANDE,,2362260,UNIDADE MISTA DE GALANTE,MUNICIPIO DE CAMPINA GRANDE,M,15,UNIDADE MISTA,1244,HOSPITAL_PÚBLICO,RUA ANTONIO ALVES PIMENTEL,S/N,,DISTRITO DE GALANTE,58446000,83-3077-0106,,1,1,0,0,0,0,0,0,0,0,0,0,0,0
202401,NORDESTE,PB,CAMPINA GRANDE,,2362287,INSTITUTO DE SAUDE ELPIDIO DE ALMEIDA,MUNICIPIO DE CAMPINA GRANDE,M,7,HOSPITAL ESPECIALIZADO,1244,HOSPITAL_PÚBLICO,VILA NOVA DA RAINHA,147,,CENTRO,58400220,(83)33106356,ssmcg@terra.com.br,154,151,19,16,9,6,0,0,10,10,0,0,0,0
202401,NORDESTE,PB,CAMPINA GRANDE,,2362821,CLIPSI,CLIPSI SERVICOS HOSPITALARES S S LTDA,M,5,HOSPITAL GERAL,2062,HOSPITAL_PRIVADO,RUA TREZE DE MAIO,338,,CENTRO,58400290,(83)21023100,clipsi@hospitalclipsi.com.br,247,147,19,17,10,8,3,3,6,6,0,0,0,0
202401,NORDESTE,PB,CAMPINA GRANDE,,2362848,HOSPITAL ANTONIO TARGINO,HOSPITAL ANTONIO TARGINO LTDA,M,5,HOSPITAL GERAL,2062,HOSPITAL_PRIVADO,RUA DELMIRO GOUVEIA,442,,CENTENARIO,58428016,(83)33413266,hat@hat.com.br,157,40,30,14,30,14,0,0,0,0,0,0,0,0
202401,NORDESTE,PB,CAMPINA GRANDE,,2362856,HOSPITAL EMERGENCIA E TRAUMA DOM LUIZ GONZAGA FERNANDES,SECRETARIA DE ESTADO DA SAUDE SES,E,5,HOSPITAL GERAL,1023,HOSPITAL_PÚBLICO,FLORIANO PEIXOTO,1045,,MALVINAS,58400464,,,293,277,45,29,29,20,16,9,0,0,0,0,0,0
202401,NORDESTE,PB,CAMPINA GRANDE,,2362880,HOSPITAL MUNICIPAL DR EDGLEY,MUNICIPIO DE CAMPINA GRANDE,M,5,HOSPITAL GERAL,1244,HOSPITAL_PÚBLICO,RUA FERNANDES VIEIRA,S/N,,JOSE PINHEIRO,58400002,(83) 3413555,,115,115,22,22,12,12,10,10,0,0,0,0,0,0
202401,NORDESTE,PB,CAMPINA GRANDE,,2363070,HOSPITAL MUNICIPAL PEDRO I,PREFEITURA MUNICIPAL DE CAMPINA GRANDE,M,5,HOSPITAL GERAL,1244,HOSPITAL_PÚBLICO,RUA PEDRO I,605,,SAO JOSE,58400414,(83) 33413082,hpi@terra.com.br,152,142,32,22,32,22,0,0,0,0,0,0,0,0
202401,NORDESTE,PB,PEDRAS DE FOGO,,2363682,HOSPITAL DISTRITAL JOSE DE SOUZA MACIEL,FUNDO MUNICIPAL DE SAUDE DE PEDRAS DE FOGO,M,5,HOSPITAL GERAL,1244,HOSPITAL_PÚBLICO,RUA PROF GETULIO CESAR R GUEDES,12,,CENTRO,58328000,(81)36351000,,52,52,0,0,0,0,0,0,0,0,0,0,0,0
202401,NORDESTE,PB,PILAR,,2364018,HOSPITAL E MATERNIDADE M DO CARMO C M BORGES,FUNDO MUNICIPAL DE SAUDE,M,5,HOSPITAL GERAL,1244,HOSPITAL_PÚBLICO,RUA ANISIO PEREIRA BORGES,13,,CENTRO,58338000,(83)32821128,,19,18,0,0,0,0,0,0,0,0,0,0,0,0
202401,NORDESTE,PB,SERIDO,,2364336,UNIDADE MISTA HOSP MARIA AUXILIADORA P DE GOUVEIA,MUNICIPIO DE SAO VICENTE DO SERIDO,M,15,UNIDADE MISTA,1244,HOSPITAL_PÚBLICO,RUA PREFEITO INACIO CLAUDINO,125,,CENTRO,58158000,(83)33881005,,24,24,0,0,0,0,0,0,0,0,0,0,0,0
202401,NORDESTE,PB,JOAO PESSOA,,2399067,HOSPITAL PSIQUIATRICO COLONIA JULIANO MOREIRA,SECRETARIA DE ESTADO DE SAUDE,E,7,HOSPITAL ESPECIALIZADO,1023,HOSPITAL_PÚBLICO,AV DOM PEDRO II,1826,,TORRE,58040440,(83) 3218-7563,flavia_fernando@hotmail.com,72,72,0,0,0,0,0,0,0,0,0,0,0,0
202401,NORDESTE,PB,JOAO PESSOA,,2399113,INSTITUTO DE PSIQUIATRIA,INSTITUTO DE PSIQUIATRIA DA PARAIBA LTDA,M,7,HOSPITAL ESPECIALIZADO,2232,HOSPITAL_PRIVADO,PRACA SEMEAO LEAL,00104,,CRUZ DAS ARMAS,58015770,(83)3241-5831,FTJRN@HOTMAIL.COM,160,0,0,0,0,0,0,0,0,0,0,0,0,0
202401,NORDESTE,PB,JOAO PESSOA,,2399237,HOSPITAL SAO LUIZ,HOSPITAL SAO LUIZ LTDA,M,5,HOSPITAL GERAL,2062,HOSPITAL_PRIVADO,AV JOAO DA MATA,429,,JAGUARIBE,58015020,(83)21068585,,117,80,0,0,0,0,0,0,0,0,0,0,0,0
202401,NORDESTE,PB,JOAO PESSOA,,2399318,HOSPITAL INFANTIL ARLINDA MARQUES,SECRETARIA DE ESTADO DA SAUDE SES,E,7,HOSPITAL ESPECIALIZADO,1023,HOSPITAL_PÚBLICO,ALBERTO DE BRITO,S/N,,JAGUARIBE,58015320,,,127,92,16,13,0,0,14,13,2,0,0,0,0,0
202401,NORDESTE,PB,JOAO PESSOA,,2399555,HOSPITAL MUNICIPAL SANTA ISABEL,PREFEITURA MUNICIPAL DE JOAO PESSOA,M,5,HOSPITAL GERAL,1244,HOSPITAL_PÚBLICO,PRACA CALDAS BRANDAO,S/N,,JARDIM DAS ACACIAS,58020560,(83) 3214-1612,hgsi@joaopessoa.pb.gov.br,151,151,46,46,46,46,0,0,0,0,0,0,0,0
202401,NORDESTE,PB,JOAO PESSOA,,2399628,COMPLEXO HOSPITALAR DE MANGABEIRA GOV TARCISIO BURITY,PREFEITURA MUNICIPAL DE JOAO PESSOA,M,5,HOSPITAL GERAL,1244,HOSPITAL_PÚBLICO,RUA AGENTE FISCAL JOSE COSTA DUARTE,S/N,,MANGABEIRA PROSIND I,58056384,3214-1980/3218-9725,,200,196,18,18,18,18,0,0,0,0,0,0,0,0
202401,NORDESTE,PB,JOAO PESSOA,,2399636,HOSPITAL MUNICIPAL VALENTINA,PREFEITURA MUNICIPAL DE JOAO PESSOA,M,7,HOSPITAL ESPECIALIZADO,1244,HOSPITAL_PÚBLICO,R MARIANGELA L PEIXOTO,S/N,,VALENTINA,58063300,(83)32189404,,71,71,10,10,0,0,10,10,0,0,0,0,0,0
202401,NORDESTE,PB,JOAO PESSOA,,2399644,MATERNIDADE CANDIDA VARGAS,INSTITUTO CANDIDA VARGAS,M,7,HOSPITAL ESPECIALIZADO,1120,HOSPITAL_PÚBLICO,AV COREMAS,S/N,,JAGUARIBE,58013430,(83) 3214-1840,ICVMATERNIDADE@HOTMAIL.COM,243,240,22,19,7,7,0,0,15,12,0,0,0,0
202401,NORDESTE,PB,JOAO PESSOA,,2399717,COMPLEXO DE DOENCAS INFECTO CONTAGIOSAS CLEMENTINO FRAGA,SECRETARIA DE ESTADO DA SAUDE SES,E,7,HOSPITAL ESPECIALIZADO,1023,HOSPITAL_PÚBLICO,ESTER BORGES,S/N,,JAGUARIBE,58015270,,,107,107,16,16,16,16,0,0,0,0,0,0,0,0
202401,NORDESTE,PB,JOAO PESSOA,,2399741,FUNDACAO NAPOLEAO LAUREANO,FUNDACAO NAPOLEAO LAUREANO,M,7,HOSPITAL ESPECIALIZADO,3069,HOSPITAL_FILANTRÓPICO,RUA CAPITAO JOSE PESSOA,1140,,JAGUARIBE,58015170,83 30156200,,142,129,16,16,10,10,6,6,0,0,0,0,0,0
202401,NORDESTE,PB,JOAO PESSOA,,2399776,HOSPITAL SAO VICENTE DE PAULO,INSTITUTO WALFREDO GUEDES PEREIRA,M,5,HOSPITAL GERAL,3999,HOSPITAL_FILANTRÓPICO,AV JOAO MACHADO,1234,,JAGUARIBE,58013522,(83) 3210-9500,,137,117,10,10,10,10,0,0,0,0,0,0,0,0
202401,NORDESTE,PB,JOAO PESSOA,,2399814,HOSPITAL DE GUARNICAO DE JOAO PESSOA,HOSPITAL E MATERNIDADE DO 1 AGRUPAMENTO DE ENGENHARIA,M,5,HOSPITAL GERAL,1015,HOSPITAL_PÚBLICO,AV EPITACIO PESSOA,2205,,ESTADOS,58030002,(83) 3224-3495,,11,0,0,0,0,0,0,0,0,0,0,0,0,0
202401,NORDESTE,PB,JOAO PESSOA,,2399989,HOSPITAL GERAL DA PARAIBA E HAPCLINICA JOAO PESSOA,HAPVIDA ASSISTENCIA MEDICA S A,M,21,PRONTO SOCORRO ESPECIALIZADO,2054,HOSPITAL_PRIVADO,JULIA FREIRE,1058,,TORRE,58040040,85 32559010,humberto@hapvida.com.br,88,0,14,0,6,0,4,0,4,0,0,0,0,0
202401,NORDESTE,PB,JOAO PESSOA,,2400065,HOSPITAL SAMARITANO,HOSPITAL SAMARITANO LTDA,M,5,HOSPITAL GERAL,2062,HOSPITAL_PRIVADO,AV JULIA FREIRE,35,,TORRE,58040040,(83)3048-2100,,55,0,9,0,9,0,0,0,0,0,0,0,0,0
202401,NORDESTE,PB,JOAO PESSOA,,2400243,HOSPITAL UNIVERSITARIO LAURO WANDERLEY,EMPRESA BRASILEIRA DE SERVICOS HOSPITALARES EBSERH,M,5,HOSPITAL GERAL,2011,HOSPITAL_PRIVADO,TABELIAO STANISLAU ELOY,S/N,,CASTELO BRANCO,58050585,83 32167053,contabilidade.sede@ebserh.gov.br,213,210,24,24,14,14,4,4,6,6,0,0,0,0
202401,NORDESTE,PB,JOAO PESSOA,,2400324,HOSPITAL EDSON RAMALHO,HOSPITAL DA POLICIA MILITAR GENERAL EDSON RAMALHO,E,5,HOSPITAL GERAL,1023,HOSPITAL_PÚBLICO,EUGENIO DE LUCENA NEIVA,S/N,,JARDIM 13 DE MAIO,58020388,83 32187988,,181,181,18,18,8,8,0,0,10,10,0,0,0,0
202401,NORDESTE,PB,CAJAZEIRAS,,2504502,HOSPITAL UNIVERSITARIO JULIO MARIA BANDEIRA DE MELLO,EMPRESA BRASILEIRA DE SERVICOS HOSPITALARES EBSERH,M,5,HOSPITAL GERAL,2011,HOSPITAL_PRIVADO,AVENIDA JOSE RODRIGUES ALVES,305,BR,EDMILSON CAVALCANTE,58900000,(83)35324750,,49,49,0,0,0,0,0,0,0,0,0,0,0,0
202401,NORDESTE,PB,SOUSA,,2504537,HOSPITAL DISTRITAL DEP MANOEL GONCALVES DE ABRANTES,SECRETARIA DE ESTADO DA SAUDE SES,E,5,HOSPITAL GERAL,1023,HOSPITAL_PÚBLICO,JOSE FACUNDO DE LIRA,S/N,,JARDINS,58802305,(83)35222774,,85,81,6,6,6,6,0,0,0,0,0,0,0,0
202401,NORDESTE,PB,ALAGOA NOVA,,2591863,UNIDADE MISTA DE ALAGOA NOVA,PREFEITURA MUNICIPAL DE ALAGOA NOVA,M,15,UNIDADE MISTA,1244,HOSPITAL_PÚBLICO,RUA MANOEL PAULINO,0,,CENTRO,58125000,(83)3651011,cpdsaudealagoanova@gmail.com,29,29,0,0,0,0,0,0,0,0,0,0,0,0
202401,NORDESTE,PB,ARARA,,2592053,HOSPITAL NATANAEL ALVES,PREFEITURA MUNICIPAL DE ARARA,M,5,HOSPITAL GERAL,1244,HOSPITAL_PÚBLICO,RUA BELA VISTA,S/N,,CENTRO,58396000,(83) 3369-1111,saudearara@yahoo.com.br,17,17,0,0,0,0,0,0,0,0,0,0,0,0
202401,NORDESTE,PB,SANTA CRUZ,,2592223,UNIDADE MISTA FRANCISCA WANDERLEY,MUNICIPIO DE SANTA CRUZ,M,15,UNIDADE MISTA,1244,HOSPITAL_PÚBLICO,RUA JOSE FERREIRA DE ANDRADE,S/N,,CENTRO,58824000,(83) 5361100,,13,13,0,0,0,0,0,0,0,0,0,0,0,0
202401,NORDESTE,PB,LASTRO,,2592266,HOSPITAL NOSSA SENHORA DO CARMO,HOSPITAL NOSSA SENHORA DO CARMO,M,5,HOSPITAL GERAL,1244,HOSPITAL_PÚBLICO,RUA PEDRO ABRANTES,06,,CENTRO,58820000,83 35481075,,8,8,0,0,0,0,0,0,0,0,0,0,0,0
202401,NORDESTE,PB,COREMAS,,2592363,HOSPITAL ESTEVAM MARINHO,FUNDACAO DE SAUDE DO ESTADO DA PARAIBA,E,5,HOSPITAL GERAL,1023,HOSPITAL_PÚBLICO,RUA JOAO FERNANDES DE LIMA,S/N,,POMBALZINHO,58770000,(83)4331047,,40,40,0,0,0,0,0,0,0,0,0,0,0,0
202401,NORDESTE,PB,CATOLE DO ROCHA,,2592460,HOSPITAL REGIONAL DR AMERICO MAIA DE VASCONCELOS,SECRETARIA DE ESTADO DA SAUDE,E,5,HOSPITAL GERAL,1023,HOSPITAL_PÚBLICO,RUA CASTELO BRANCO,349,,TABAJARA,58884000,(83)44111343,,60,51,9,0,9,0,0,0,0,0,0,0,0,0
202401,NORDESTE,PB,ALAGOA GRANDE,,2592509,HOSPITAL MUNICIPAL MINISTRO OSVALDO TRIGUEIRO,PREFEITURA MUNICIPAL DE ALAGOA GRANDE,M,5,HOSPITAL GERAL,1244,HOSPITAL_PÚBLICO,AV 15 DE NOVEMBRO,153,,CENTRO,58388000,(83)32732240,,46,46,0,0,0,0,0,0,0,0,0,0,0,0
202401,NORDESTE,PB,POMBAL,,2592568,HOSPITAL REGIONAL SENADOR RUI CARNEIRO,SECRETARIA ESTADUAL DE SAUDE,E,5,HOSPITAL GERAL,1023,HOSPITAL_PÚBLICO,RUA CORONEL JOAO LEITE,S/N,,CENTRO,58840000,83-34312149,,88,88,6,6,6,6,0,0,0,0,0,0,0,0
202401,NORDESTE,PB,LUCENA,,2592592,UNIDADE MISTA DE LUCENA,PREFEITURA NUNICIPAL DE LUCENA,M,15,UNIDADE MISTA,1244,HOSPITAL_PÚBLICO,RUA DAVID FALCAO,S/N,,CENTRO,58315000,(83)3293-1975,direcaouml@lucena.pb.gov.br,1,1,0,0,0,0,0,0,0,0,0,0,0,0
202401,NORDESTE,PB,SANTA RITA,,2592746,HOSPITAL E MATERNIDADE FLAVIO RIBEIRO COUTINHO,FUNDACAO GOVERNADOR FLAVIO RIBEIRO COUTINHO,M,5,HOSPITAL GERAL,3069,HOSPITAL_FILANTRÓPICO,FLAVIO RIBEIRO,202,,CENTRO,58302515,,,117,101,10,8,10,8,0,0,0,0,0,0,0,0
202401,NORDESTE,PB,JOAO PESSOA,,2593262,HOSPITAL DE EMERGENCIA E TRAUMA SENADOR HUMBERTO LUCENA,SECRETARIA DE ESTADO DA SAUDE SES,E,5,HOSPITAL GERAL,1023,HOSPITAL_PÚBLICO,DR ORESTES LISBOA,S/N,,PEDRO GONDIM,58031090,83 2187775,,298,288,51,41,45,35,0,0,0,0,6,6,0,0
202401,NORDESTE,PB,PIRPIRITUBA,,2597195,SERVICO DE MEDIA COMPLEXIDADE DE PIRPIRITUBA,PREFEITURA MUNICIPAL DE PIRPIRITUBA,M,15,UNIDADE MISTA,1244,HOSPITAL_PÚBLICO,RUA JOSE CRUZ,227,,CENTRO,58213000,(83) 2771108,,2,2,0,0,0,0,0,0,0,0,0,0,0,0
202401,NORDESTE,PB,PIANCO,,2600331,HOSPITAL WENCESLAU LOPES,SECRETARIA DE SAUDE DO ESTADO DA PARAIBA,E,5,HOSPITAL GERAL,1023,HOSPITAL_PÚBLICO,AV JOAO AGRIPINO FILHO,302,,OURO BRANCO,58765000,(83)34522377,,98,80,20,10,20,10,0,0,0,0,0,0,0,0
202401,NORDESTE,PB,SAO JOAO DO RIO DO PEIXE,,2603691,HOSPITAL MUNICIPAL CAPITAO JOAO DANTAS ROTHEA,HOSPITAL MUNICIPAL CAPITAO JOAO DANTAS ROTHEA,M,5,HOSPITAL GERAL,1244,HOSPITAL_PÚBLICO,RUA PRACA CAPITAO JOAO DANTAS ROTHEA,61,,CENTRO,58910000,(83)5352202,rony_alencar@hotmail.com,32,32,0,0,0,0,0,0,0,0,0,0,0,0
202401,NORDESTE,PB,CONCEICAO,,2603748,HOSPITAL E MATERNIDADE CACULA LEITE,HOSPITAL E MATERNIDADE CACULA LEITE,M,5,HOSPITAL GERAL,1244,HOSPITAL_PÚBLICO,RUA PE MANOEL OTAVIANO,S/N,PREDIO,CENTRO,58970000,(83)4532267,sms.cci@saude.pb.gov.br,59,59,0,0,0,0,0,0,0,0,0,0,0,0
202401,NORDESTE,PB,CATOLE DO ROCHA,,2603799,HOSPITAL MUNICIPAL DA CRIANCA ERMINA EVANGELISTA,PREFEITURA MUNICIPAL DE CATOLE DO ROCHA,M,5,HOSPITAL GERAL,1244,HOSPITAL_PÚBLICO,RUA SINFRONIO GONCALVES,695,,NOEL VERAS,58884000,(83)4411257,,21,21,0,0,0,0,0,0,0,0,0,0,0,0
202401,NORDESTE,PB,GUARABIRA,,2603802,COMPLEXO DE SAUDE DO MUNICIPIO DE GUARABIRA,PARAIBA SECRETARIA DA SAUDE,E,5,HOSPITAL GERAL,1023,HOSPITAL_PÚBLICO,RUA PREFEITO JOAO PIMENTEL FILHO,447,,CENTRO,58200000,(83) 32714151,,74,74,6,6,6,6,0,0,0,0,0,0,0,0
202401,NORDESTE,PB,SERRA GRANDE,,2604744,UNIDADE MISTA DE SAUDE DE SERRA GRANDE,MUNICIPAL DE SERRA GRANDE,M,15,UNIDADE MISTA,1244,HOSPITAL_PÚBLICO,RUA PROJETADA,S/N,,BELA VISTA,58955000,(83)34981111,sec.saudesg@gmail.com,12,12,0,0,0,0,0,0,0,0,0,0,0,0
202401,NORDESTE,PB,TAVARES,,2604779,HOSPITAL JOSE LEITE DA SILVA,FUNDO MUNICIPAL DE SAUDE DE TAVARES,M,5,HOSPITAL GERAL,1244,HOSPITAL_PÚBLICO,RUA JOSE SITONIO,S/N,,CENTRO,58753000,(83)4501179,,23,23,0,0,0,0,0,0,0,0,0,0,0,0
202401,NORDESTE,PB,SAO JOSE DE CAIANA,,2605384,UNIDADE MISTA DE SAO JOSE DE CAIANA,UNIDADE MISTA DE SAO JOSE DE CAIANA,M,15,UNIDADE MISTA,1244,HOSPITAL_PÚBLICO,RUA 13 DE MAIO,S/N,,CENTRO,58784000,(83)4512701,,16,16,0,0,0,0,0,0,0,0,0,0,0,0
202401,NORDESTE,PB,PATOS,,2605414,MATERNIDADE PEREGRINO FILHO,SECRETARIA DE ESTADO DA SAUDE,E,7,HOSPITAL ESPECIALIZADO,1023,HOSPITAL_PÚBLICO,RUA ELIAS ASFORA,S/N,,JARDIM GUANABARA,58701300,(83) 34157600,,151,142,16,11,6,6,0,0,10,5,0,0,0,0
202401,NORDESTE,PB,AGUA BRANCA,,2605430,UNIDADE MISTA QUITERIA MARIA DE OLIVEIRA,PREFEITURA MUNICIPAL DE AGUA BRANCA,M,15,UNIDADE MISTA,1244,HOSPITAL_PÚBLICO,RUA JOSE PEDRO FIRMINO,63,PREDIO,CENTRO,58748000,83 996463813,secsaudeabpb@gmail.com,20,20,0,0,0,0,0,0,0,0,0,0,0,0
202401,NORDESTE,PB,SAO MAMEDE,,2605449,CASA DE SAUDE E MAT NS DA CONCEICAO,ASSOCIACAO PROT A MAT E A INFANCIA,M,5,HOSPITAL GERAL,3999,HOSPITAL_FILANTRÓPICO,AVA NORMANDO ARAUJO,243,,CENTRO,58625000,(83)4641243,,26,26,0,0,0,0,0,0,0,0,0,0,0,0
202401,NORDESTE,PB,PATOS,,2605473,COMPLEXO HOSPITALAR DEP JANDUHY CARNEIRO,SECRETARIA DE ESTADO DA SAUDE,E,5,HOSPITAL GERAL,1023,HOSPITAL_PÚBLICO,RUA HORACIO NOBREGA,S/N,,BELO HORIZONTE,58704000,(83) 3423-2741,,116,116,16,16,16,16,0,0,0,0,0,0,0,0
202401,NORDESTE,PB,PATOS,,2605481,HOSPITAL INFANTIL NOALDO LEITE,SECRETARIA DE ESTADO DA SAUDE,E,7,HOSPITAL ESPECIALIZADO,1023,HOSPITAL_PÚBLICO,RUA HILDO MENEZES,S/N,,JUA DOCE,58704540,(83) 3421-2923,,86,81,12,7,0,0,12,7,0,0,0,0,0,0
202401,NORDESTE,PB,ARACAGI,,2607921,UNIDADE MISTA VANILDO MAROJA,PREFEITURA MUNICIPAL DE ARACAGI,M,15,UNIDADE MISTA,1244,HOSPITAL_PÚBLICO,AVENIDA OLIVIO MAROJA,360,,CENTRO,58270000,(83)2741203,sms.aag@saude.pb.gov.br,2,2,0,0,0,0,0,0,0,0,0,0,0,0
202401,NORDESTE,PB,SUME,,2611864,HOSPITAL E MATERNIDADE ALICE DE ALMEIDA,PREFEITURA MUNICIPAL DE SUME,M,5,HOSPITAL GERAL,1244,HOSPITAL_PÚBLICO,RUA FRANCISCO DE MELO,486,,CENTRO,58540000,(83)33532280,saudesume@yahoo.com.br,65,65,0,0,0,0,0,0,0,0,0,0,0,0
202401,NORDESTE,PB,BANANEIRAS,,2613298,HOSPITAL MUNICIPAL DR CLOVIS BEZERRA CAVALCANTI,FUNDO MUNICIPAL DE SAUDE DE BANANEIRAS,D,5,HOSPITAL GERAL,1244,HOSPITAL_PÚBLICO,AV JOAO PESSOA,689,,CENTRO,58220000,(83)3671300,,37,37,0,0,0,0,0,0,0,0,0,0,0,0
202401,NORDESTE,PB,BELEM,,2613301,HOSPITAL DISTRITAL DE BELEM,SECRETARIA DE ESTADO DA SAUDE SES,E,5,HOSPITAL GERAL,1023,HOSPITAL_PÚBLICO,RUA PROJETADA 12,S/N,,NOVA VIDA,58255000,(83)2611199,,25,25,0,0,0,0,0,0,0,0,0,0,0,0
202401,NORDESTE,PB,GUARABIRA,,2613328,PROSFRAG,PRONTO SOCORRO DE FRATURAS DE GUARABIRA,M,7,HOSPITAL ESPECIALIZADO,2062,HOSPITAL_PRIVADO,AV RUI BARBOSA,240,,CENTRO,58200000,(83)2711156,,25,23,0,0,0,0,0,0,0,0,0,0,0,0
202401,NORDESTE,PB,LAGOA DE DENTRO,,2613344,HOSPITAL DISTRITAL DE LAGOA DE DENTRO,SECRETARIA DE ESTADO DA SAUDE,E,5,HOSPITAL GERAL,1023,HOSPITAL_PÚBLICO,RUA COSTA E SILVA,20,,CENTRO,58250000,(83) 32631048,,19,19,0,0,0,0,0,0,0,0,0,0,0,0
202401,NORDESTE,PB,SERRARIA,,2613360,HOSPITAL DR OUVIDIO DUARTE,SECRETARIA DE ESTADO DA SAUDE,E,5,HOSPITAL GERAL,1023,HOSPITAL_PÚBLICO,RUA ADALGISA CAVALCANTI,S/N,,CENTRO,58395000,(83)32751130,,7,7,0,0,0,0,0,0,0,0,0,0,0,0
202401,NORDESTE,PB,SOLANEA,,2613379,HOSPITAL DR FRANCISCO ASSIS DE FREITAS UNIDADE MISTA,SECRETARIA DE ESTADO DA SAUDE,E,15,UNIDADE MISTA,1023,HOSPITAL_PÚBLICO,RUA PROFESSORA ALAIDE SILVA,131,,CENTRO,58225000,(83)3632257,,34,34,0,0,0,0,0,0,0,0,0,0,0,0
202401,NORDESTE,PB,CACIMBA DE DENTRO,,2613409,HOSPITAL LUIZ OLEGARIO DA SILVA,HOSPITAL LUIZ OLEGARIO DA SILVA,M,5,HOSPITAL GERAL,1244,HOSPITAL_PÚBLICO,RUA PROJETADA,156,,CENTRO,58230000,,,13,13,0,0,0,0,0,0,0,0,0,0,0,0
202401,NORDESTE,PB,GUARABIRA,,2613417,CASA DE SAUDE E MAT SR DA LUZ LTDA,CASA DE SAUDE E MATERNIDADE SENHORA DA LUZ LTDA,M,5,HOSPITAL GERAL,2062,HOSPITAL_PRIVADO,RUA EDVARDO TOSCANO,209,,BELA VISTA,58200000,(83) 3271-1333,,78,0,0,0,0,0,0,0,0,0,0,0,0,0
202401,NORDESTE,PB,CAJAZEIRAS,,2613476,HOSPITAL REGIONAL DE CAJAZEIRAS,SECRETARIA DE ESTADO DA SAUDE,E,5,HOSPITAL GERAL,1023,HOSPITAL_PÚBLICO,RUA TABELIAO ANTONIO HOLANDA,001,,CENTRO,58900000,(83)35314456,,146,135,13,7,7,7,6,0,0,0,0,0,0,0
202401,NORDESTE,PB,JERICO,,2613492,HOSPITAL MAE TEREZA,PREFEITURA MUNICIPAL DE JERICO,M,5,HOSPITAL GERAL,1244,HOSPITAL_PÚBLICO,RUA MAJOR RAUL RODRIGUES,87,,JARDIM HORIZONTE,58830000,(83)34351087,,12,12,0,0,0,0,0,0,0,0,0,0,0,0
202401,NORDESTE,PB,MAMANGUAPE,,2613522,HOSPITAL E MATERNIDADE M N S ROSARIO,MUNICIPIO DE MAMANGUAPE,M,5,HOSPITAL GERAL,1244,HOSPITAL_PÚBLICO,RUA DUQUE DE CAXIAS,250,,CENTRO,58280000,(83)2922571,,36,36,0,0,0,0,0,0,0,0,0,0,0,0
202401,NORDESTE,PB,PAULISTA,,2613530,HOSPITAL MUNICIPAL EMERENTINA DANTAS,MUNICIPIO DE PAULISTA,M,5,HOSPITAL GERAL,1244,HOSPITAL_PÚBLICO,RUA VIGOLVINO CALIXTO,61,,CENTRO,58860000,(83) 3441-1216,,31,31,0,0,0,0,0,0,0,0,0,0,0,0
202401,NORDESTE,PB,SAO BENTO,,2613549,HOSPITAL DR JARQUES LUCIO DA SILVA,PREFEITURA MUNICIPAL DE SAO BENTO,D,5,HOSPITAL GERAL,1244,HOSPITAL_PÚBLICO,PB 293,S/N,SAIDA PARA PAULISTA,SANTO ANTONIO,58865000,(83)3444-2213,,37,37,0,0,0,0,0,0,0,0,0,0,0,0
202401,NORDESTE,PB,SAO JOSE DE PIRANHAS,,2613565,HOSPITAL MUNICIPAL DR OSEAS ALVES MANGUEIRA,AUTARQUIA HOSPITALAR MUNICIPAL DE SAO JOSE DE PIRANHAS,M,5,HOSPITAL GERAL,1244,HOSPITAL_PÚBLICO,RUA CICERO DE LUCENA,01,,CENTRO,58940000,,,17,17,0,0,0,0,0,0,0,0,0,0,0,0
202401,NORDESTE,PB,MASSARANDUBA,,2613611,HOSPITAL E MAT MUNICIPAL SANTA TEREZINHA,MUNICIPIO DE MASSARANDUBA,M,5,HOSPITAL GERAL,1244,HOSPITAL_PÚBLICO,RUA JOSE BENICIO,260,,CENTRO,58120000,(83)33991063,,54,52,2,0,1,0,1,0,0,0,0,0,0,0
202401,NORDESTE,PB,POCINHOS,,2613638,HOSPITAL E MATERNIDADE DR ANTONIO LUIZ COUTINHO,MUNICIPIO DE POCINHOS,M,5,HOSPITAL GERAL,1244,HOSPITAL_PÚBLICO,RUA CONEGO JOAO COUTINHO,546,,CENTRO,58150000,8333841355,,50,50,0,0,0,0,0,0,0,0,0,0,0,0
202401,NORDESTE,PB,AROEIRAS,,2613689,HOSPITAL MUNICIPAL DE AROEIRAS,PREFEITURA MUNICIPAL DE AROEIRAS,M,5,HOSPITAL GERAL,1244,HOSPITAL_PÚBLICO,AVENIDA JOSE PEDRO DSE MELO,S/N,,CENTRO,58489000,(83)33961593,,40,40,0,0,0,0,0,0,0,0,0,0,0,0
202401,NORDESTE,PB,JUAZEIRINHO,,2613697,HOSPITAL MUNICIPAL DE JUAZEIRINHO,MUNICIPIO DE JUAZEIRINHO,M,5,HOSPITAL GERAL,1244,HOSPITAL_PÚBLICO,RUA CARMEM VERONICA ARAUJO BARBOSA,469,,BELA VISTA,58660000,(83) 3821322,,18,18,0,0,0,0,0,0,0,0,0,0,0,0
202401,NORDESTE,PB,CAMPINA GRANDE,,2613735,CLINICA DR MAIA,INSTITUTO NEUROPSIQUIATRICO DE CAMPINA GRANDE SC LTDA,M,7,HOSPITAL ESPECIALIZADO,2240,HOSPITAL_PRIVADO,GETULIO VARGAS,474,,CENTRO,58400052,(83) 3310-3250,,160,143,0,0,0,0,0,0,0,0,0,0,0,0
202401,NORDESTE,PB,CAMPINA GRANDE,,2613743,SAS,SISTEMA DE ASSISTENCIA SOCIAL E DE SAUDE SAS,M,5,HOSPITAL GERAL,3999,HOSPITAL_FILANTRÓPICO,RUA NILO PECANHA,83,,PRATA,58400515,(83)2102-2323,hjoao23@hotmail.com,119,88,14,14,14,14,0,0,0,0,0,0,0,0
202401,NORDESTE,PB,GUARABIRA,,2675811,CLINICA SANTA CLARA,SOCIEDADE OBSTETRICA CIRURGICA E GINECOLOGICA LTDA SOCIGINE,M,7,HOSPITAL ESPECIALIZADO,2062,HOSPITAL_PRIVADO,RUA ANTONIO UCHOA,7,,CENTRO,58200000,(83)32712439,socigine@uol.com.br,16,6,0,0,0,0,0,0,0,0,0,0,0,0
202401,NORDESTE,PB,CAMPINA GRANDE,,2676060,HOSPITAL UNIVERSITARIO ALCIDES CARNEIROUFCG,UNIVERSIDADE FEDERAL DE CAMPINA GRANDE,M,5,HOSPITAL GERAL,1104,HOSPITAL_PÚBLICO,DR CARLOS CHAGAS,S/N,,SAO JOSE,58400398,(83)2101-5500,diretoriager@huac.ufcg.edu.br,165,160,24,19,10,10,10,5,4,4,0,0,0,0
202401,NORDESTE,PB,SERRA BRANCA,,2682710,HOSPITAL GERAL DE SERRA BRANCA,PREFEITURA MUNICIPAL DE SERRA BRANCA,M,5,HOSPITAL GERAL,1244,HOSPITAL_PÚBLICO,RAUL DA COSTA LEAO,S/N,,CENTRO,58580000,(83)33542855,smssbranca@gmail.com,58,58,0,0,0,0,0,0,0,0,0,0,0,0
202401,NORDESTE,PB,JOAO PESSOA,,2707497,DIAGNOSTICA,CENTRAL DE DIAGNOSTICO LTDA,M,15,UNIDADE MISTA,2240,HOSPITAL_PRIVADO,CAMILO DE HOLANDA,1121,,TORRE,58040340,83 32413377,diagnosticaltda@gmail.com,2,2,0,0,0,0,0,0,0,0,0,0,0,0
202401,NORDESTE,PB,JOAO PESSOA,,2707519,HOSPITAL PADRE ZE,INSTITUTO SAO JOSE,M,5,HOSPITAL GERAL,3999,HOSPITAL_FILANTRÓPICO,AVENIDA DESEMBARGADOR BOTO DE MENEZES,657,,CENTRO,58010670,,,120,120,0,0,0,0,0,0,0,0,0,0,0,0
202401,NORDESTE,PB,JOAO PESSOA,,2707527,MATERNIDADE FREI DAMIAO,COMPLEXO DE SAUDE CRUZ DAS ARMAS,E,7,HOSPITAL ESPECIALIZADO,1023,HOSPITAL_PÚBLICO,AV CRUZ DAS ARMAS,01581,,CRUZ DAS ARMAS,58085100,(83)32156066,,107,98,18,11,6,6,2,0,10,5,0,0,0,0
202401,NORDESTE,PB,JOAO PESSOA,,2755483,CLINICA DOM RODRIGO LTDA,CLINICA DOM RODRIGO LTDA,M,7,HOSPITAL ESPECIALIZADO,2062,HOSPITAL_PRIVADO,M DE FIGUEIREDO,592,,CENTRO,58013470,,,49,32,10,10,0,0,0,0,0,0,0,0,10,10
202401,NORDESTE,PB,JOAO PESSOA,,2755491,CLINICA RADIOLOGICA DR AZUIR LESSA LTDA,CLINICA RADIOLOGICA DR AZUIR LESSA LTDA,M,15,UNIDADE MISTA,2062,HOSPITAL_PRIVADO,AV MARECHAL DA FONSECA,134,ANEXO B,CENTRO,58040140,(83) 3048-2929,,1,0,0,0,0,0,0,0,0,0,0,0,0,0
202401,NORDESTE,PB,JOAO PESSOA,,2755807,OCULISTAS ASSOCIADOS DA PARAIBA LTDA,OCULISTAS ASSOCIADOS DA PARAIBA LTDA,M,7,HOSPITAL ESPECIALIZADO,2062,HOSPITAL_PRIVADO,AV EPITACIO PESSOA,1602,,TAMBAUZINHO,58040000,(83)21071602,,2,2,0,0,0,0,0,0,0,0,0,0,0,0
202401,NORDESTE,PB,TAPEROA,,2757664,HOSPITAL DISTRITAL DE TAPEROA,FUNDACAO DE SAUDE DO ESTADO DA PARAIBA,E,5,HOSPITAL GERAL,1023,HOSPITAL_PÚBLICO,AV EPITACIO PESSOA,313,,CENTRO,58680000,,,54,54,0,0,0,0,0,0,0,0,0,0,0,0
202401,NORDESTE,PB,CAAPORA,,2757672,HOSPITAL GERAL ANA VIRGINIA,HOSPITAL MUNICIPAL DE CAAPORA,M,5,HOSPITAL GERAL,1244,HOSPITAL_PÚBLICO,RUA SALOMAO VELOSO,113,,CENTRO,58326000,,smscaaporapb@hotmail.com,43,43,0,0,0,0,0,0,0,0,0,0,0,0
202401,NORDESTE,PB,LAGOA SECA,,2757699,HOSPITAL GERAL MUNICIPAL ANA MARIA COUTINHO RAMALHO,MUNICIPIO DE LAGOA SECA,M,5,HOSPITAL GERAL,1244,HOSPITAL_PÚBLICO,RUA JOAO OTAVIANO PEQUENO,403,,CENTRO,58117000,(83)3366-1082,cgs.consultoria2014@hotmail.com,28,28,0,0,0,0,0,0,0,0,0,0,0,0
202401,NORDESTE,PB,BOQUEIRAO,,2757702,HOSPITAL MUNICIPAL JOSE GOMES DE ANDRADE,PREFEITURA MUNICIPAL DE BOQUEIRAO,M,5,HOSPITAL GERAL,1244,HOSPITAL_PÚBLICO,RUA JOSE CORDEIRO DOS SANTOS,S/N,,NOVO,58450000,(83)33911299,sms.bqo@saude.pb.gov.br,16,16,0,0,0,0,0,0,0,0,0,0,0,0
202401,NORDESTE,PB,PICUI,,2757710,HOSPITAL REGIONAL DE PICUI,GOVERNO DO ESTADO HOSPITAL REGIONAL DE PICUI,E,5,HOSPITAL GERAL,1023,HOSPITAL_PÚBLICO,FRANCISCO PEREIRA GOMES,15,,MONTE SANTO,58187000,083 3712554,hospitalregionaldepicui@gmail.com,107,100,7,0,7,0,0,0,0,0,0,0,0,0
202401,NORDESTE,PB,BOM SUCESSO,,2757729,HOSPITAL E MATERNIDADE SEVERINO VIRIATO,MUNICIPIO DE BOM SUCESSO,M,5,HOSPITAL GERAL,1244,HOSPITAL_PÚBLICO,RUA JOAO AGRIPINO DE OLIVEIRA,S/N,,CENTRO,58887000,83 3448-1053,,16,16,0,0,0,0,0,0,0,0,0,0,0,0
202401,NORDESTE,PB,PEDRA LAVRADA,,2758040,UNIDADE MISTA DE SAUDE DE PEDRA LAVRADA,MUNICIPIO DE PEDRA LAVRADA,M,15,UNIDADE MISTA,1244,HOSPITAL_PÚBLICO,RUA HERONIDES MEIRA DE VASCONCELOS,20,,CENTRO,58180000,(83)33754028,sms.pvd@saude.pb.gov.br,20,20,0,0,0,0,0,0,0,0,0,0,0,0
202401,NORDESTE,PB,PIANCO,,2772906,CENTRO HOSPITALAR DE PIANCO,CENTRO HOSPITALAR DE PIANCO,M,5,HOSPITAL GERAL,2062,HOSPITAL_PRIVADO,RUA PEDRO LEITE MONTENEGRO,32,,OURO BRANCO,58765000,(83)452 2261,sms.pic@saude.pb.gov.br,24,24,0,0,0,0,0,0,0,0,0,0,0,0
202401,NORDESTE,PB,JOAO PESSOA,,3001377,HOSPITAL JOAO PAULO II,HOSPITAL JOAO PAULO II LTDA,M,7,HOSPITAL ESPECIALIZADO,2062,HOSPITAL_PRIVADO,R EURIPEDES TAVARES,362,,CENTRO,58013290,(83)3241-4466,,54,0,4,0,0,0,0,0,4,0,0,0,0,0
202401,NORDESTE,PB,CAMPINA GRANDE,,3006204,CLINICA SANTA CLARA,CLINICA SANTA CLARA LTDA,M,5,HOSPITAL GERAL,2062,HOSPITAL_PRIVADO,DUQUE DE CAXIAS,630,,PRATA,58400506,(83)3315-4600,clinicasclara@uol.com.br,62,0,7,0,7,0,0,0,0,0,0,0,0,0
202401,NORDESTE,PB,SOUSA,,3012611,CASA DE SAUDE BOM JESUS,CASA DE SAUDE BOM JESUS LTDA EPP,M,5,HOSPITAL GERAL,2062,HOSPITAL_PRIVADO,DEOCLECIANO P FERREIRA,14,,CENTRO,58806000,,,20,0,0,0,0,0,0,0,0,0,0,0,0,0
202401,NORDESTE,PB,JOAO PESSOA,,3039269,HNSN EPITACIO,HNSN EPITACIO LTDA,M,5,HOSPITAL GERAL,2062,HOSPITAL_PRIVADO,PRES EPITACIO PESSOA,114,,TORRE,58030002,,,119,0,29,0,20,0,0,0,9,0,0,0,0,0
202401,NORDESTE,PB,JOAO PESSOA,,3043142,AMIP,AMIP ASSISTENCIA MEDICA INFANTIL DA PARAIBA S S LTDA,M,7,HOSPITAL ESPECIALIZADO,2240,HOSPITAL_PRIVADO,AVENIDA CAMILO DE HOLANDA,100,,CENTRO,58013360,83 99810172,,63,23,14,12,0,0,14,12,0,0,0,0,0,0
202401,NORDESTE,PB,JOAO PESSOA,,3056724,HOSPITAL UNIMED JOAO PESSOA,UNIMED JOAO PESSOA COOPERATIVA DE TRABALHO MEDICO,M,5,HOSPITAL GERAL,2143,HOSPITAL_PRIVADO,RUA MINISTRO JOSE AMERICO DE ALMEIDA,1450,,TORRE,58040300,83 21060453,,239,4,69,0,44,0,5,0,6,0,0,0,14,0
202401,NORDESTE,PB,SOUSA,,3058549,PRO SAUDE INFANTIL,HOSPITAL DE PEDIATRIA MENDES E MATOS LTDA,M,7,HOSPITAL ESPECIALIZADO,2062,HOSPITAL_PRIVADO,RUA BOA VENTURA ROCHA,34,,CENTRO,58800570,(83)5211487,,2,0,0,0,0,0,0,0,0,0,0,0,0,0
202401,NORDESTE,PB,JOAO PESSOA,,3093026,CLIFANTIL,CLINICA DE CIRURGIA INFANTIL DA PARAIBA LIMITADA,M,7,HOSPITAL ESPECIALIZADO,2240,HOSPITAL_PRIVADO,MAXIMIANO FIGUEIREDO,94,,CENTRO,58013470,,,8,0,0,0,0,0,0,0,0,0,0,0,0,0
202401,NORDESTE,PB,JOAO PESSOA,,3110850,CLINICA OTORRINOLARINGOLOGIA LEONARDO F SILVA,CENTRO MEDICO HOSPITALAR LEONARDO F SILVA LTDA,M,7,HOSPITAL ESPECIALIZADO,2062,HOSPITAL_PRIVADO,RUA ANTONIO RABELO JUNIOR,170,SALA 101 A 110,MIRAMAR,58032090,(83)3221-7110,,16,0,0,0,0,0,0,0,0,0,0,0,0,0
202401,NORDESTE,PB,JOAO PESSOA,,3112691,DIAGSON,DIAGSON DIAGNOSTICO EM ULTRA SONOGRAFIA MED FETAL LTDA,M,15,UNIDADE MISTA,2062,HOSPITAL_PRIVADO,MAR DEODORO DA FONSECA,134,,CENTRO,58040140,83 30482929,administrativo@diagsonpb.com.br,2,2,0,0,0,0,0,0,0,0,0,0,0,0
202401,NORDESTE,PB,CAMPINA GRANDE,,3128377,HOSPITAL GARDEN,HOSPITAL GARDEN LTDA,M,7,HOSPITAL ESPECIALIZADO,2062,HOSPITAL_PRIVADO,R DR SEVERINO CRUZ,277,,CENTRO,58400258,(83)3214498,,4,0,0,0,0,0,0,0,0,0,0,0,0,0
202401,NORDESTE,PB,PRINCESA ISABEL,,3130584,CLINICA SANTA LUCIA,GILSON MELQUIADES DE MEDEIROS,M,7,HOSPITAL ESPECIALIZADO,2135,HOSPITAL_PRIVADO,RUA ACADEMICO JOSE SEVERIANO,129,,CENTRO,58755000,,,4,0,0,0,0,0,0,0,0,0,0,0,0,0
202401,NORDESTE,PB,CAMPINA GRANDE,,3148815,HOSPITAL DE OLHOS DE CAMPINA GRANDE,HOSPITAL DE OLHOS DE CAMPINA GRANDE S S LTDA,M,7,HOSPITAL ESPECIALIZADO,2240,HOSPITAL_PRIVADO,RUA JOSE DE ALENCAR,940,,PRATA,58400500,(83)33418662,,4,3,0,0,0,0,0,0,0,0,0,0,0,0
202401,NORDESTE,PB,PATOS,,3232514,HOSPITAL SAO FRANCISCO,HOSPITAL SAO FRANCISCO LTDA,M,5,HOSPITAL GERAL,2062,HOSPITAL_PRIVADO,RUA PEREGRINO FILHO,199,,CENTRO,58700450,(83) 3421-8964,,81,0,10,0,10,0,0,0,0,0,0,0,0,0
202401,NORDESTE,PB,JOAO PESSOA,,3237389,TRAUMATO,TRAUMATO CLINICA DE ORTOPEDIA E TRAUMATOLOGIA S S LTDA ME,M,7,HOSPITAL ESPECIALIZADO,2240,HOSPITAL_PRIVADO,MIRIAN BARRETO RABELO,591,SALA B,AEROCLUBE,58036690,83 32441452,luananevesfarias@hotmail.com,1,0,0,0,0,0,0,0,0,0,0,0,0,0
202401,NORDESTE,PB,JOAO PESSOA,,3237540,CLINMEL,CLINICA MEDICA CIRURGICA E EMPRESARIAL LTDA,M,7,HOSPITAL ESPECIALIZADO,2240,HOSPITAL_PRIVADO,R BARAO DE MAMANGUAPE,261,,TORRE,58040330,(83)32447200,,6,0,0,0,0,0,0,0,0,0,0,0,0,0
202401,NORDESTE,PB,BAYEUX,,3294889,HOSPITAL MATERNO INFANTIL JOAO MARSICANO,MUNICIPIO DE BAYEUX,M,5,HOSPITAL GERAL,1244,HOSPITAL_PÚBLICO,R FLAVIO MAROJA,44,,CENTRO,58111600,(83)2534140,sms.bex@saude.pb.gov.br,48,48,0,0,0,0,0,0,0,0,0,0,0,0
202401,NORDESTE,PB,JOAO PESSOA,,3398315,PROCARDIO HOSPITAL MEMORIAL SAO FRANCISCO,PROCARDIO INSTITUTO DE CARDIOLOGIA DA PARAIBA LTDA,M,5,HOSPITAL GERAL,2062,HOSPITAL_PRIVADO,AV RUI BARBOSA,198,,TORRE,58040491,(83) 4009-6082,miguel@hospitalmemorial.net,95,0,20,0,20,0,0,0,0,0,0,0,0,0
202401,NORDESTE,PB,JOAO PESSOA,,5407524,CENTRO DE DIAGNOSTICO MEMORIAL MARIE CURIE LTDA,CENTRO DE DIAGNOSTICO MEMORIAL MARIE CURIE LTDA,M,7,HOSPITAL ESPECIALIZADO,2062,HOSPITAL_PRIVADO,RUI BARBOSA,202,SALA 001 ED EIJE KUM,TORRE,58040490,83 99922221,,1,0,0,0,0,0,0,0,0,0,0,0,0,0
202401,NORDESTE,PB,JOAO PESSOA,,5654319,HOSPITAL UNIVERSITARIO NOVA ESPERANCA HUNE,FUNDACAO JOSE LEITE DE SOUZA,M,5,HOSPITAL GERAL,3069,HOSPITAL_FILANTRÓPICO,CAPITAO JOSE PESSOA,919,,JAGUARIBE,58015170,83 21080707,FINANCEIRO@HUNOVAESPERANCA.COM.BR,147,131,18,18,8,8,0,0,0,0,0,0,10,10
202401,NORDESTE,PB,JOAO PESSOA,,6352677,AMIP PRAIA,AMIP ASSISTENCIA MEDICA INFANTIL DA PRAIA LTDA,M,7,HOSPITAL ESPECIALIZADO,2062,HOSPITAL_PRIVADO,AV TABAJARAS,782,,CENTRO,58013270,3208-2828,amipjppb@ig.com.br,8,0,0,0,0,0,0,0,0,0,0,0,0,0
202401,NORDESTE,PB,BOA VENTURA,,6400914,UNIDADE AMBULATORIAL RAIMUNDO PINTO BRANDAO,PREFEITURA MUNICIPAL DE BOA VENTURA,M,15,UNIDADE MISTA,1244,HOSPITAL_PÚBLICO,RUA VEREADOR MANOEL ALVES RIBEIRO,10,,CENTRO,58993000,,secretaria.saudebvpb@gmail.com,3,0,0,0,0,0,0,0,0,0,0,0,0,0
202401,NORDESTE,PB,JURIPIRANGA,,6432204,UNIDADE MISTA DE SAUDE TEONAS DA CUNHA CAVALCANTE,MUNICIPIO DE JURIPIRANGA,M,15,UNIDADE MISTA,1244,HOSPITAL_PÚBLICO,RUA TIRADENTES,41,,CENTRO,58330000,8332891511,,12,12,0,0,0,0,0,0,0,0,0,0,0,0
202401,NORDESTE,PB,JOAO PESSOA,,6496482,INSTITUTO DO CEREBRO,INSTITUTO PARAIBANO DO CEREBRO LTDA,M,15,UNIDADE MISTA,2062,HOSPITAL_PRIVADO,AV SAO PAULO,854,,BAIRRO DOS ESTADOS,58030040,83 32228050,steniosarmento@uol.com.br,1,0,0,0,0,0,0,0,0,0,0,0,0,0
202401,NORDESTE,PB,AREIA,,6499198,HOSPITAL DR HERCILIO RODRIGUES,PREFEITURA MUNICIPAL DE AREIA,M,5,HOSPITAL GERAL,1244,HOSPITAL_PÚBLICO,RUA MONSENHOR WALFREDO LEAL,01,,JUSSARA,58397000,33621513,secretariamunicipaldesaudeareia@outlook.com,36,36,0,0,0,0,0,0,0,0,0,0,0,0
202401,NORDESTE,PB,ITABAIANA,,6644996,HOSPITAL REGIONAL DE ITABAIANA,SECRETARIA DE ESTADO DA SAUDE,E,5,HOSPITAL GERAL,1023,HOSPITAL_PÚBLICO,AVENIDA DEPUTADO ADAUTO PEREIRA DE LIMA,01,,LOTEAMENTO NOVA ITAB,58360000,83 32812640,,48,44,0,0,0,0,0,0,0,0,0,0,0,0
202401,NORDESTE,PB,ITAPOROROCA,,6658520,HOSPITAL GERAL DE ITAPOROROCA,HOSPITAL GERAL DE ITAPOROROCA PREF JOSE FELIX DE BRITO,E,5,HOSPITAL GERAL,1023,HOSPITAL_PÚBLICO,RUA PROJETADA,S/N,,ROSEIRAL,58275000,,,18,18,0,0,0,0,0,0,0,0,0,0,0,0
202401,NORDESTE,PB,QUEIMADAS,,6679528,HOSPITAL GERAL DE QUEIMADAS,SECRETARIA MUNICIPAL DE SAUDE DE QUEIMADAS,E,5,HOSPITAL GERAL,1023,HOSPITAL_PÚBLICO,AVENIDA SEVERINO BEZERRA CABRAL,S/N,,CENTRO,58475000,8333922991,hospitalregionaldequeimadas@hotmail.com,48,43,0,0,0,0,0,0,0,0,0,0,0,0
202401,NORDESTE,PB,ALCANTIL,,6842747,UNIDADE MISTA MUNICIPAL DE ALCANTIL,PREFEITURA MUNICIPAL DE ALCANTIL,M,15,UNIDADE MISTA,1244,HOSPITAL_PÚBLICO,AV SAO JOSE,S/N,,CENTRO,58460000,(083) 33481008,sms.alca@saude.gov.br,1,1,0,0,0,0,0,0,0,0,0,0,0,0
202401,NORDESTE,PB,JUNCO DO SERIDO,,6879098,UNIDADE MISTA DE SAUDE OTILIA BALDUINO DE AZEVEDO,MUNICIPIO DO JUNCO DO SERIDO,M,15,UNIDADE MISTA,1244,HOSPITAL_PÚBLICO,RUA VEREADOR ELIAS COELHO,200,,CJ FCO CABRAL,58640000,(83)3464-1015,,12,12,0,0,0,0,0,0,0,0,0,0,0,0
202401,NORDESTE,PB,JOAO PESSOA,,6919669,HOSPITAL DA VISAO,CENTRO PARAIBANO DE CLINICA E CIRURGIA DE OLHOS LTDA,D,7,HOSPITAL ESPECIALIZADO,2062,HOSPITAL_PRIVADO,SILVIO ALMEIDA,821,,EXPEDICIONARIOS,58041020,83 30314555,faturamento@hospitalvisao.com.br,1,1,0,0,0,0,0,0,0,0,0,0,0,0
202401,NORDESTE,PB,JOAO PESSOA,,6933254,INNPAR,INSTITUTO DE NEUROLOGIA E NEUROCIRURGIA DA PARAIBA LTDA ME,M,5,HOSPITAL GERAL,2062,HOSPITAL_PRIVADO,DOM MOISES COELHO,161,SALA 101,TORRE,58040760,83 93626581,m-favero@hotmail.com,38,0,8,0,8,0,0,0,0,0,0,0,0,0
202401,NORDESTE,PB,CAMPINA GRANDE,,7113692,HOSPITAL MUNICIPAL DR SEVERINO BEZERRA DE CARVALHO,MUNICIPIO DE CAMPINA GRANDE,M,7,HOSPITAL ESPECIALIZADO,1244,HOSPITAL_PÚBLICO,FLORIANO PEIXOTO,1200,,CENTENARIO,58428130,3341 2097,,76,73,6,3,0,0,6,3,0,0,0,0,0,0
202401,NORDESTE,PB,BELEM DO BREJO DO CRUZ,,7175108,HOSPITAL MUNICIPAL BENTO FORTE DE OLIVEIRA,MUNICIPIO DE BELEM DO BREJO DO CRUZ,M,5,HOSPITAL GERAL,1244,HOSPITAL_PÚBLICO,RUA JOSE FRANCISCO PEREIRA,S/N,RUA DAS POPULARES,MANOEL FORTE MAIA,58895000,83-34471056,araquealmeida@hotmail.com,30,28,0,0,0,0,0,0,0,0,0,0,0,0
202401,NORDESTE,PB,UMBUZEIRO,,7238916,HOSPITAL MUNICIPAL NOSSA SENHORA DO LIVRAMENTO,PREFEITURA MUNICIPAL DE UMBUZEIRO,M,5,HOSPITAL GERAL,1244,HOSPITAL_PÚBLICO,RUA SEVERINO BEZERRA DA SILVA,S/N,,PAU SANTO,58497000,,,14,14,0,0,0,0,0,0,0,0,0,0,0,0
202401,NORDESTE,PB,CAMPINA GRANDE,,7249071,HOSPITAL DA VISAO DE CAMPINA GRANDE,HOSPITAL OFTALMOLOGICO DE CAMPINA GRANDE LTDA,M,7,HOSPITAL ESPECIALIZADO,2062,HOSPITAL_PRIVADO,RUA DR SEVERINO RIBEIRO CRUZ,277,ANDAR 1,CENTRO,58400258,83 3066-0606,wambertobarbosa@hotmail.com,1,0,0,0,0,0,0,0,0,0,0,0,0,0
202401,NORDESTE,PB,SANTA INES,,7288778,HOSPITAL MUNICIPAL DE SANTA INES,HOSPITAL MUNICIPAL DE SANTA INES,M,5,HOSPITAL GERAL,1244,HOSPITAL_PÚBLICO,RUA JOAO RODRIGUES DE FRANCA,S/N,,CENTRO,58978000,,EMANOEL28@HOTMAIL.COM,10,10,0,0,0,0,0,0,0,0,0,0,0,0
202401,NORDESTE,PB,SOLEDADE,,7360886,HOSPITAL MUNICIPAL DE SOLEDADE,MUNICIPIO DE SOLEDADE,M,5,HOSPITAL GERAL,1244,HOSPITAL_PÚBLICO,RUA HORACIO DA COSTA LIMA,13,,CENTRO,58155000,(83)33831255,,22,22,0,0,0,0,0,0,0,0,0,0,0,0
202401,NORDESTE,PB,JOAO PESSOA,,7520972,HOSPITAL PEDIATRICO UNIMED,UNIMED JOAO PESSOA COOPERATIVA DE TRABALHO MEDICO,M,5,HOSPITAL GERAL,2143,HOSPITAL_PRIVADO,MINISTRO JOSE AMERICO DE ALMEIDA,1338,,TORRE,58040300,83 21060453,josane@unimedjp.com.br,34,0,10,0,0,0,5,0,5,0,0,0,0,0
202401,NORDESTE,PB,CONDE,,7617941,AMA COMUNIDADE AMIGOS EM MUTUA AJUDA,CLINICA AMA LTDA,M,7,HOSPITAL ESPECIALIZADO,2062,HOSPITAL_PRIVADO,IPIRANGA,S/N,,GURUGI,58322000,83 981330777,CONTATO@CLINICAAMA.COM.BR,60,0,0,0,0,0,0,0,0,0,0,0,0,0
202401,NORDESTE,PB,GURJAO,,7633335,UNIDADE MISTA DE SAUDE DE GURJAO,MUNICIPIO DE GURJAO,M,15,UNIDADE MISTA,1244,HOSPITAL_PÚBLICO,RUA ALVARO GAUDENCIO DE QUEIROZ,353,,CENTRO,58670000,8333861048,,4,4,0,0,0,0,0,0,0,0,0,0,0,0
202401,NORDESTE,PB,MAMANGUAPE,,7666772,HOSPITAL GERAL DE MAMANGUAPE,SECRETARIA DE ESTADO DA SAUDE SES,E,5,HOSPITAL GERAL,1023,HOSPITAL_PÚBLICO,WALFRIDO DE ALMEIDA,S/N,RUA,AREAL,58280000,,,83,74,14,10,10,10,4,0,0,0,0,0,0,0
202401,NORDESTE,PB,JOAO PESSOA,,7870930,HOSPITAL DAS NEVES,HOSPITAL NOSSA SENHORA DAS NEVES S A,D,5,HOSPITAL GERAL,2054,HOSPITAL_PRIVADO,ETELVINA MACEDO DE MENDONCA,531,,TORRE,58040530,83 35659000,fiscal.opme@grupoopera.com,232,10,45,2,37,2,3,0,5,0,0,0,0,0
202401,NORDESTE,PB,ARARUNA,,9231455,HOSPITAL MUNICIPAL DE ARARUNA,MUNICIPIO DE ARARUNA,M,5,HOSPITAL GERAL,1244,HOSPITAL_PÚBLICO,CONJUNTO MARIZETE DUTRA,S/N,,CENTRO,58233000,,,15,15,0,0,0,0,0,0,0,0,0,0,0,0
202401,NORDESTE,PB,GADO BRAVO,,9263691,UNIDADE MISTA MUNICIPAL DE SAUDE,MUNICIPIO DE GADO BRAVO,M,15,UNIDADE MISTA,1244,HOSPITAL_PÚBLICO,TRAVESSA JOSE PEREIRA DE AGUIAR,S/N,,CENTRO,58492000,8333471074,smsgadobravo@gmail.com,1,1,0,0,0,0,0,0,0,0,0,0,0,0
202401,NORDESTE,PB,SANTA RITA,,9467718,HOSPITAL METROPOLITANO DOM JOSE MARIA PIRES,FUNDACAO PARAIBANA DE GESTAO EM SAUDE PB SAUDE,E,5,HOSPITAL GERAL,1260,HOSPITAL_PÚBLICO,RUA ROBERTO SANTOS CORREIA,S/N,,VARZEA NOVA,58303000,,,252,186,74,44,34,34,10,10,0,0,0,0,30,0
202401,NORDESTE,PB,CAMPINA GRANDE,,9524495,CLINICA PRONTO SOCORRO INFANTIL E HOSPITAL GERAL,CLINICA PRONTO SOCORRO INFANTIL E HOSPITAL GERAL,M,5,HOSPITAL GERAL,2062,HOSPITAL_PRIVADO,RUA TREZE DE MAIO,366,,CENTRO,58400290,83 30658000,,82,0,0,0,0,0,0,0,0,0,0,0,0,0
202401,NORDESTE,PB,JOAO PESSOA,,9561501,CLINEPA CENTRO HOSPITALAR,CLINEPA CENTRO HOSPITALAR LTDA,M,5,HOSPITAL GERAL,2062,HOSPITAL_PRIVADO,DOM MOISES COELHO,245,,TORRE,58040760,83 32433993,clinepa@yahoo.com.br,68,0,13,0,6,0,0,0,7,0,0,0,0,0
202401,NORDESTE,PB,OLHO D'AGUA,,9608419,CENTRO DE SAUDE OLHO DAGUA,MUNICIPIO DE OLHO DAGUA,M,15,UNIDADE MISTA,1244,HOSPITAL_PÚBLICO,RUA JOAQUIM AVELINO PEREIRA,54,,CENTRO,58760000,,SECSAUDEOLHOPB45@GMAIL.COM,1,1,0,0,0,0,0,0,0,0,0,0,0,0
202401,NORDESTE,PB,GUARABIRA,,9691049,HOSPITAL DIA TOP MAIS,HOSPITAL DIA TOP MAIS LTDA,M,7,HOSPITAL ESPECIALIZADO,2062,HOSPITAL_PRIVADO,NOSSA SENHORA DA LUZ,54,,CENTRO,58200000,83 32246929,,12,0,0,0,0,0,0,0,0,0,0,0,0,0
202401,NORDESTE,PB,MONTEIRO,,9954279,HOSPITAL DIA SANTA MARIA,CENTRO MEDICO MAYER E FEITOSA LTDA,M,5,HOSPITAL GERAL,2062,HOSPITAL_PRIVADO,AVENIDA CIDADE DO RECIFE,1811,BR 412,ALTO DE SAO VICENTE,58500000,83 99209933/99221718,danilomayer@hotmail.com,14,0,0,0,0,0,0,0,0,0,0,0,0,0
202401,NORDESTE,PB,CONDE,,9997172,CLINICA MEDICA PERSONNALITE,CLINICA MEDICA PERSONNALITE LTDA,M,7,HOSPITAL ESPECIALIZADO,2062,HOSPITAL_PRIVADO,CIDADE BALNEARIA NOVO MUNDO,S/N,LOTE 13 20,JACUMA,58322000,83-982192323,solange@clinicapersonnalite.com.br,40,0,0,0,0,0,0,0,0,0,0,0,0,0
202402,NORDESTE,PB,POCO DANTAS,,2321831,UNIDADE MISTA DE SAUDE FRANCISCO FERREIRA SANTIAGO,PREFEITURA MUNICIPAL DE POCO DANTAS,M,15,UNIDADE MISTA,1244,HOSPITAL_PÚBLICO,RUA ODILON FRANCISCO DE OLIVEIRA,S/N,,CENTRO,58933000,(83) 35621071,sms.poda@saude.pb.gov.br,1,1,0,0,0,0,0,0,0,0,0,0,0,0
202402,NORDESTE,PB,SAO MAMEDE,,2605449,CASA DE SAUDE NOSSA SENHORA DA CONCEICAO,ASSOCIACAO PROT A MAT E A INFANCIA,M,5,HOSPITAL GERAL,3999,HOSPITAL_FILANTRÓPICO,AVA NORMANDO ARAUJO,243,,CENTRO,58625000,(83)4641243,,26,26,0,0,0,0,0,0,0,0,0,0,0,0
202404,NORDESTE,PB,MOGEIRO,,2363720,UNIDADE MISTA DE SAUDE MARIA HERMINIA DA SILVEIRA,SECRETARIA MUNICIPAL DE SAUDE DE MOGEIRO,M,15,UNIDADE MISTA,1244,HOSPITAL_PÚBLICO,AV GETULIO VARGAS,S/N,,CENTRO,58375000,(83)32661095,flmoge@ig.com.br,10,10,0,0,0,0,0,0,0,0,0,0,0,0
202404,NORDESTE,PB,SAO JOSE DE CAIANA,,2605384,UNIDADE MISTA MARIA JOANA SILVA DE OLIVEIRA,UNIDADE MISTA MARIA JOANA SILVA DE OLIVEIRA,M,15,UNIDADE MISTA,1244,HOSPITAL_PÚBLICO,RUA 13 DE MAIO,S/N,,CENTRO,58784000,(83)4512701,,16,16,0,0,0,0,0,0,0,0,0,0,0,0
202406,NORDESTE,PB,SANTA RITA,,4710460,HOSPITAL INFANTIL NAELSINHO PANTA,MUNICIPIO DE SANTA RITA,M,7,HOSPITAL ESPECIALIZADO,1244,HOSPITAL_PÚBLICO,AV FLAVIO RIBEIRO COUTINHO,S/N,,CENTRO,58300220,8330499500,,6,6,0,0,0,0,0,0,0,0,0,0,0,0
202407,NORDESTE,PB,SAO JOSE DA LAGOA TAPADA,,2357631,HOSPITAL MUNICIPAL CACILDA BRAGA,MUNICIPIO DE SAO JOSE DA LAGOA TAPADA,M,5,HOSPITAL GERAL,1244,HOSPITAL_PÚBLICO,RUA CAP MANOEL DE ARAUJO,S/N,,CENTRO,58815000,,sms.sgp@saude.pb.gov.br,6,6,0,0,0,0,0,0,0,0,0,0,0,0
202409,NORDESTE,PB,JOAO PESSOA,,147907,HOSPITAL GERAL E DO CANCER DR STENIO HOLANDA FILHO,HOSPITAL GERAL E DO CANCER DR STENIO HOLANDA FILHO,M,5,HOSPITAL GERAL,1244,HOSPITAL_PÚBLICO,AVENIDA MONSENHOR WALFREDO LEAL,46,,TAMBIA,58020540,,,90,90,0,0,0,0,0,0,0,0,0,0,0,0
202409,NORDESTE,PB,JOAO PESSOA,,7882106,PRIME MED SERVICOS MEDICOS LTDA,PRIME MED SERVICOS MEDICOS,M,7,HOSPITAL ESPECIALIZADO,2062,HOSPITAL_PRIVADO,RUA HERIBERTO PEREIRA DE LUCENA,195,,JARDIM OCEANIA,58037235,83-3031-6542,giordanojordao_@hotmail,4,0,0,0,0,0,0,0,0,0,0,0,0,0
202410,NORDESTE,PB,MARI,,814679,HOSPITAL MUNICIPAL SAGRADO CORACAO DE JESUS,PREFEITURA MUNICIPAL DE MARI,M,5,HOSPITAL GERAL,1244,HOSPITAL_PÚBLICO,RUA MANOEL AVELINO DE PAIVA,S/N,,CENTRO,58345000,,,1,1,0,0,0,0,0,0,0,0,0,0,0,0
202410,NORDESTE,PB,UIRAUNA,,2321904,CENTRO DE REFERENCIA E ESPECIALIDADES DR ALEXANDRE FERNANDES,PREFEITURA MUNICIPAL DE UIRAUNA,M,15,UNIDADE MISTA,1244,HOSPITAL_PÚBLICO,RUA JOSE VIEIRA BUJARY,133,,CENTRO,58915000,8335341177,sms.uin@saude.pb.gov.br,1,1,0,0,0,0,0,0,0,0,0,0,0,0
202410,NORDESTE,PB,TRIUNFO,,2322129,UPAEM JOSE BERNARDINO BATISTA,PREFEITURA MUNICIPAL DE TRIUNFO,M,15,UNIDADE MISTA,1244,HOSPITAL_PÚBLICO,RUA VALDOMIRO LISBOA,S/N,,CENTRO,58920000,,secretariadesaudetf@hotmail.com,6,6,0,0,0,0,0,0,0,0,0,0,0,0
202410,NORDESTE,PB,MONTEIRO,,2336812,HOSPITAL E MATERNIDADE DE MONTEIRO SANTA FILOMENA,SECRETARIA DO ESTADO DE SAUDE,E,5,HOSPITAL GERAL,1023,HOSPITAL_PÚBLICO,RUA EPAMINONDAS AZEVEDO,S/N,,CENTRO,58500000,(83) 3351 2145,hrsfmonteiro@hotmail.com,120,120,6,6,6,6,0,0,0,0,0,0,0,0
202410,NORDESTE,PB,SOUSA,,2504537,HOSPITAL REGIONAL DEPUTADO MANOEL GONCALVES DE ABRANTES,SECRETARIA DE ESTADO DA SAUDE SES,E,5,HOSPITAL GERAL,1023,HOSPITAL_PÚBLICO,JOSE FACUNDO DE LIRA,S/N,,JARDINS,58802305,(83)35222774,palommaabrantes@gmail.com,111,107,12,12,12,12,0,0,0,0,0,0,0,0
